{
  "JOB":{
    "RR":7.8899924,
    "Random":7.942582999999999,
    "LL":7.725409400000001
  },
  "TASK":{
    "RR":5.560430899999999,
    "Random":5.321180559999999,
    "LL":5.35494238
  }
}
